episode_id,score
1,-139.55552607000232
2,-113.88907554476451
