episode_id,score
1,-3.6955317323147874
2,-12.371569262143502
3,-19.46564268169615
