episode_id,score
1,-42.00466517447998
2,-36.84701176440381
3,-16.06353927107669
4,-32.974476105284694
5,-17.77951061147923
6,-36.33495889480999
7,-12.522410436476424
