episode_id,score
1,8.50728113836882
2,12.843217236340479
