episode_id,score
1,-94.04637647144614
2,9.422902176734892
