episode_id,score
1,9.499999999999968
2,-42.60000000000001
3,-46.900000000000006
4,-16.00000000000002
5,-34.800000000000026
6,-1.2000000000000064
